{
    "RMSE_1": [],
    "RMSE_2": [],
    "RMSE_3": [],
    "RMSE_4": [],
    "RMSE_5": [
        0.7435773587288071,
        0.7698093911628432,
        0.7671278495820705,
        0.747737309835766,
        0.7472292799749672
    ],
    "RMSE_6": [],
    "RMSE_7": [
        0.7904198743888811,
        0.7818223220141722,
        0.7969018600734449,
        0.782438561991718,
        0.7867801215071198
    ],
    "RMSE_8": [],
    "RMSE_9": [],
    "RMSE_10": [],
    "RMSE_11": [],
    "RMSE_12": [],
    "RMSE_13": [],
    "RMSE_14": [],
    "RMSE_15": [],
    "RMSE_16": [],
    "RMSE_17": [],
    "MAE_1": [],
    "MAE_2": [],
    "MAE_3": [],
    "MAE_4": [],
    "MAE_5": [
        0.5367945828315516,
        0.5567706158398887,
        0.5483157117874133,
        0.5410630442548565,
        0.5380568624768609
    ],
    "MAE_6": [],
    "MAE_7": [
        0.566316478931896,
        0.5650284043041145,
        0.5721103141681823,
        0.5623636565574204,
        0.5678898530649076
    ],
    "MAE_8": [],
    "MAE_9": [],
    "MAE_10": [],
    "MAE_11": [],
    "MAE_12": [],
    "MAE_13": [],
    "MAE_14": [],
    "MAE_15": [],
    "MAE_16": [],
    "MAE_17": [],
    "R2_1": [],
    "R2_2": [],
    "R2_3": [],
    "R2_4": [],
    "R2_5": [
        0.49247553916684916,
        0.4587818218707477,
        0.4601766581770833,
        0.4858269948604288,
        0.4899730907981976
    ],
    "R2_6": [],
    "R2_7": [
        0.4265172396346929,
        0.4417585282574755,
        0.4174598793724066,
        0.4369957647033865,
        0.43455276462145564
    ],
    "R2_8": [],
    "R2_9": [],
    "R2_10": [],
    "R2_11": [],
    "R2_12": [],
    "R2_13": [],
    "R2_14": [],
    "R2_15": [],
    "R2_16": [],
    "R2_17": []
}