{
    "RMSE_1": [],
    "RMSE_2": [],
    "RMSE_3": [],
    "RMSE_4": [],
    "RMSE_5": [
        0.7765832325729045,
        0.7971912961352866,
        0.8073948844516792,
        0.7861129058414188,
        0.7685561750367587
    ],
    "RMSE_6": [],
    "RMSE_7": [
        0.8108302494532234,
        0.8023842389569203,
        0.8157658519563906,
        0.8049091079236608,
        0.7949540599629344
    ],
    "RMSE_8": [],
    "RMSE_9": [],
    "RMSE_10": [],
    "RMSE_11": [],
    "RMSE_12": [],
    "RMSE_13": [],
    "RMSE_14": [],
    "RMSE_15": [],
    "RMSE_16": [],
    "RMSE_17": [],
    "MAE_1": [],
    "MAE_2": [],
    "MAE_3": [],
    "MAE_4": [],
    "MAE_5": [
        0.5614150857940801,
        0.5730793970364201,
        0.5785144950080174,
        0.5661826225427289,
        0.5570863722695397
    ],
    "MAE_6": [],
    "MAE_7": [
        0.5839484765977199,
        0.5767439949607854,
        0.5858202794530302,
        0.5771588472294379,
        0.5802140791135337
    ],
    "MAE_8": [],
    "MAE_9": [],
    "MAE_10": [],
    "MAE_11": [],
    "MAE_12": [],
    "MAE_13": [],
    "MAE_14": [],
    "MAE_15": [],
    "MAE_16": [],
    "MAE_17": [],
    "R2_1": [],
    "R2_2": [],
    "R2_3": [],
    "R2_4": [],
    "R2_5": [
        0.451203866716254,
        0.4098095587262146,
        0.40526971722167826,
        0.44171936573599313,
        0.45195230323691704
    ],
    "R2_6": [],
    "R2_7": [
        0.40173319168441457,
        0.4020954568777123,
        0.3928736120976012,
        0.41470287073302314,
        0.41365775202525545
    ],
    "R2_8": [],
    "R2_9": [],
    "R2_10": [],
    "R2_11": [],
    "R2_12": [],
    "R2_13": [],
    "R2_14": [],
    "R2_15": [],
    "R2_16": [],
    "R2_17": []
}