{
    "RMSE_1": [],
    "RMSE_2": [],
    "RMSE_3": [],
    "RMSE_4": [],
    "RMSE_5": [
        0.6089722405258806,
        0.66062527964369,
        0.6547334719093353,
        0.7279729291255544,
        0.6773233278798209
    ],
    "RMSE_6": [],
    "RMSE_7": [
        0.6209077751611763,
        0.6561150426354055,
        0.6607704902447041,
        0.7155093697714422,
        0.6807047150407967
    ],
    "RMSE_8": [],
    "RMSE_9": [],
    "RMSE_10": [],
    "RMSE_11": [],
    "RMSE_12": [],
    "RMSE_13": [],
    "RMSE_14": [],
    "RMSE_15": [],
    "RMSE_16": [],
    "RMSE_17": [],
    "MAE_1": [],
    "MAE_2": [],
    "MAE_3": [],
    "MAE_4": [],
    "MAE_5": [
        0.4780697788117981,
        0.5019875095158386,
        0.5070975293719483,
        0.5491810158874512,
        0.518370628715973
    ],
    "MAE_6": [],
    "MAE_7": [
        0.4876870688679505,
        0.5129585374032593,
        0.5175301984527588,
        0.551942189574585,
        0.5275082073162841
    ],
    "MAE_8": [],
    "MAE_9": [],
    "MAE_10": [],
    "MAE_11": [],
    "MAE_12": [],
    "MAE_13": [],
    "MAE_14": [],
    "MAE_15": [],
    "MAE_16": [],
    "MAE_17": [],
    "R2_1": [],
    "R2_2": [],
    "R2_3": [],
    "R2_4": [],
    "R2_5": [
        0.6705023468410645,
        0.6696238150726006,
        0.6474792200809809,
        0.5874515208845095,
        0.5969555342037246
    ],
    "R2_6": [],
    "R2_7": [
        0.6574598135030065,
        0.6741195205923634,
        0.6409483613472444,
        0.6014570035362693,
        0.5929212681803375
    ],
    "R2_8": [],
    "R2_9": [],
    "R2_10": [],
    "R2_11": [],
    "R2_12": [],
    "R2_13": [],
    "R2_14": [],
    "R2_15": [],
    "R2_16": [],
    "R2_17": []
}