{
    "RMSE_1": [],
    "RMSE_2": [],
    "RMSE_3": [],
    "RMSE_4": [],
    "RMSE_5": [
        0.554744732863326,
        0.5907810027743869,
        0.5917205137866899,
        0.5846197315302702,
        0.5564999913405088
    ],
    "RMSE_6": [],
    "RMSE_7": [
        0.5973125857656402,
        0.5558612821601067,
        0.5970973451409854,
        0.5698830523824142,
        0.6040472942581118
    ],
    "RMSE_8": [],
    "RMSE_9": [],
    "RMSE_10": [],
    "RMSE_11": [],
    "RMSE_12": [],
    "RMSE_13": [],
    "RMSE_14": [],
    "RMSE_15": [],
    "RMSE_16": [],
    "RMSE_17": [],
    "MAE_1": [],
    "MAE_2": [],
    "MAE_3": [],
    "MAE_4": [],
    "MAE_5": [
        0.43599592399032594,
        0.4644793182917786,
        0.4612477006445312,
        0.448441896484375,
        0.44184942302734376
    ],
    "MAE_6": [],
    "MAE_7": [
        0.4693954303437805,
        0.4302785656988525,
        0.46707022519332886,
        0.44766404440338137,
        0.4661414004618835
    ],
    "MAE_8": [],
    "MAE_9": [],
    "MAE_10": [],
    "MAE_11": [],
    "MAE_12": [],
    "MAE_13": [],
    "MAE_14": [],
    "MAE_15": [],
    "MAE_16": [],
    "MAE_17": [],
    "R2_1": [],
    "R2_2": [],
    "R2_3": [],
    "R2_4": [],
    "R2_5": [
        0.7210595297611802,
        0.724219678530257,
        0.7064484347911444,
        0.7442772492490539,
        0.7084476884477457
    ],
    "R2_6": [],
    "R2_7": [
        0.696521485327776,
        0.7271936059944197,
        0.7044098671416552,
        0.6893575201608695,
        0.7241670386616058
    ],
    "R2_8": [],
    "R2_9": [],
    "R2_10": [],
    "R2_11": [],
    "R2_12": [],
    "R2_13": [],
    "R2_14": [],
    "R2_15": [],
    "R2_16": [],
    "R2_17": []
}