{
    "RMSE_1": [
        0.7359893045309132,
        0.7180926350008338,
        0.7466672651435977,
        0.7113497777633286,
        0.739710648543382
    ],
    "RMSE_2": [
        0.7302584161317655,
        0.7104107826515439,
        0.5100609465335947,
        0.7233768745833048,
        0.7309187727306075
    ],
    "RMSE_3": [
        0.7718833679863019,
        0.7600385049194418,
        0.7879246351192416,
        0.7623528828474102,
        0.7678644023685857
    ],
    "RMSE_4": [
        0.738301205673836,
        0.718432121950622,
        0.741935178839436,
        0.7325716588365055,
        0.7392589387093256
    ],
    "RMSE_5": [
        0.7350774971111448,
        0.7692930225519576,
        0.802827870804,
        0.7705407650754184,
        0.796722754584129
    ],
    "RMSE_6": [
        0.7502756180353912,
        0.7283194051606362,
        0.7488068433573865,
        0.7417029522486435,
        0.7510565236414077
    ],
    "RMSE_7": [
        0.7602154762345972,
        0.7661890917056787,
        0.7848647091641113,
        0.7518529550533259,
        0.7802985353896611
    ],
    "RMSE_8": [
        0.7698797433808839,
        0.42759193285857605,
        0.870392715886503,
        0.9388257000816627,
        0.7644140641031797
    ],
    "RMSE_9": [
        0.7570840275539295,
        0.6709959011688091,
        0.7994173610419997,
        0.9563048051906661,
        0.7709841737495362
    ],
    "RMSE_10": [
        0.7800673612187119,
        0.6950405516199849,
        0.8466064396125186,
        0.9651359396168263,
        0.7773623211880957
    ],
    "RMSE_11": [
        0.7604779300874303,
        0.6868901569317023,
        0.8375935344277399,
        1.0245072266359643,
        0.7463380405393404
    ],
    "RMSE_12": [
        0.8286213537615573,
        0.8592487675406074,
        0.8664069111159491,
        0.7928206619095496,
        1.074934958566806
    ],
    "RMSE_13": [
        0.8281141096684613,
        0.8651106214182241,
        0.8680771494113088,
        0.7917774066403211,
        0.7801417436633608
    ],
    "RMSE_14": [
        0.842639680925064,
        0.8621046462845973,
        0.862936608207889,
        0.7855431701161688,
        0.7878233393299372
    ],
    "RMSE_15": [
        0.9459223353624719,
        0.9302571327998649,
        0.7318443043008559,
        0.9275377019180568,
        0.9235842815662224
    ],
    "RMSE_16": [
        0.956253899516514,
        0.9413115864312648,
        0.7416142149024227,
        0.9608143558434991,
        0.9190637215540934
    ],
    "RMSE_17": [
        0.9673537301767274,
        0.9470680190184398,
        0.728291505334983,
        0.9555722849449747,
        0.92563316085383
    ],
    "MAE_1": [
        0.5436784492827619,
        0.5383519813396191,
        0.5487653466525402,
        0.5350450094752155,
        0.558946711091741
    ],
    "MAE_2": [
        0.5408879838711498,
        0.5333960630529605,
        0.377313200194395,
        0.5470562244150717,
        0.5514011180034176
    ],
    "MAE_3": [
        0.5687981766862678,
        0.567341179038707,
        0.5745117173519076,
        0.5688116310717183,
        0.5777493495263225
    ],
    "MAE_4": [
        0.5475153375647765,
        0.5397723105329273,
        0.5494650157287253,
        0.5505906287109562,
        0.5547155824571298
    ],
    "MAE_5": [
        0.5434619602142116,
        0.5729501535365473,
        0.5896824123391039,
        0.5771192532357886,
        0.5912124277357361
    ],
    "MAE_6": [
        0.5578789892486634,
        0.5533032536423568,
        0.5548128676898332,
        0.558781747899774,
        0.5714729663284365
    ],
    "MAE_7": [
        0.5579718042151448,
        0.5708788475956085,
        0.5751569423336685,
        0.5674464687475134,
        0.5808332530319568
    ],
    "MAE_8": [
        0.5947893010086404,
        0.30221171861131424,
        0.6789582354532333,
        0.7215559184917556,
        0.5832623476339364
    ],
    "MAE_9": [
        0.5890166191769364,
        0.4178802040580293,
        0.6229591954097646,
        0.7379496364564986,
        0.5845745113340075
    ],
    "MAE_10": [
        0.6045148463130177,
        0.5432974355875607,
        0.6584407715080384,
        0.7429011517152163,
        0.5916301319205954
    ],
    "MAE_11": [
        0.5871991125666108,
        0.4331319575083088,
        0.6521232262645048,
        0.7885062771959395,
        0.5664655385347409
    ],
    "MAE_12": [
        0.5819603835201264,
        0.5969554186630248,
        0.597854955069224,
        0.5671856818358104,
        0.7713169417031606
    ],
    "MAE_13": [
        0.5772000349712372,
        0.5891518459224702,
        0.5875019472122193,
        0.5671755381170908,
        0.5700765678278605
    ],
    "MAE_14": [
        0.5802925531991322,
        0.5952412317212422,
        0.5895917414792378,
        0.5581696840159098,
        0.5699763916524251
    ],
    "MAE_15": [
        0.5700500598398844,
        0.5821409111658733,
        0.5214095149993896,
        0.5974226953252157,
        0.6048501025835674
    ],
    "MAE_16": [
        0.5787753516451518,
        0.5865027108256022,
        0.5284547760391236,
        0.6036116056315104,
        0.6084083996899923
    ],
    "MAE_17": [
        0.5799258334922791,
        0.5815404974810282,
        0.5164582837486268,
        0.6140331849352518,
        0.588548415813446
    ],
    "R2_1": [
        0.6482543010995268,
        0.6656268101390732,
        0.6513316058091403,
        0.6673660093082223,
        0.6516571042233372
    ],
    "R2_2": [
        0.6537108127970792,
        0.672742511986353,
        0.8372943990985771,
        0.656022950098754,
        0.6598883962866098
    ],
    "R2_3": [
        0.6131085292050649,
        0.6254224943585027,
        0.6117354705223952,
        0.6179569358007908,
        0.6246362877964913
    ],
    "R2_4": [
        0.6460410121329543,
        0.6653105774926039,
        0.6557370503924347,
        0.6472228463453159,
        0.6520824107090722
    ],
    "R2_5": [
        0.6491253074187342,
        0.6162449618347765,
        0.5969088714540326,
        0.6097063679974635,
        0.5958918044430952
    ],
    "R2_6": [
        0.634466271926682,
        0.6560349899846787,
        0.6493305213295274,
        0.6383735057562208,
        0.6408892036823474
    ],
    "R2_7": [
        0.6247167314378252,
        0.6193354515470688,
        0.6147452857405287,
        0.6284082632457118,
        0.6123812292004491
    ],
    "R2_8": [
        0.34757353407462976,
        0.9003740683410074,
        0.30547813991626394,
        0.34940351917240187,
        0.27725333445233624
    ],
    "R2_9": [
        0.3690804978596911,
        0.754668607312274,
        0.41412822582901754,
        0.3249523243205086,
        0.26477598282360704
    ],
    "R2_10": [
        0.3301925121817171,
        0.7367710341545013,
        0.34291953000027664,
        0.31242710723781797,
        0.2525610391521842
    ],
    "R2_11": [
        0.363411169892199,
        0.7429083475066117,
        0.35683551277984293,
        0.22523173655844297,
        0.3110306293667001
    ],
    "R2_12": [
        0.7055425649840932,
        0.7032116835858366,
        0.6772772348914682,
        0.7175685265906473,
        0.5040949322178457
    ],
    "R2_13": [
        0.70590296138873,
        0.6991484504756704,
        0.6760317612628819,
        0.7183113282770446,
        0.7387951685657188
    ],
    "R2_14": [
        0.6954952327808284,
        0.701235538741464,
        0.6798573224293534,
        0.7227297423757242,
        0.7336259844257347
    ],
    "R2_15": [
        0.5760869658019709,
        0.5602585765424513,
        0.7081664475387732,
        0.5750052403235604,
        0.545821212148264
    ],