{
    "RMSE_1": [
        0.6265764737535635,
        0.6684618223916711,
        0.7721502850987804,
        0.8108828052796212,
        0.6169795384105872
    ],
    "RMSE_2": [
        0.6350349574391042,
        0.6039734985894298,
        0.7535055282812996,
        0.7450871230822592,
        0.5824365743654936
    ],
    "RMSE_3": [
        0.5324454597121608,
        0.598076439819431,
        0.6735933588898921,
        0.6764710511519191,
        0.5322219393049407
    ],
    "RMSE_4": [
        0.5376679512231013,
        0.5426708581637598,
        0.6095182128061256,
        0.7129717487758518,
        0.5290758912954252
    ],
    "RMSE_5": [
        0.6338033780217294,
        0.6795434639506154,
        0.8044207887425329,
        0.7471351133650602,
        0.6183075360623853
    ],
    "RMSE_6": [
        0.5915088429526892,
        0.5982441764068713,
        0.6492040279604847,
        0.7522267919341948,
        0.5563754775987234
    ],
    "RMSE_7": [
        0.640512646903099,
        0.6148300779439189,
        0.8296604024424675,
        0.7247782031531133,
        0.6838783691130805
    ],
    "RMSE_8": [
        0.4491442210601918,
        0.5354794116416808,
        0.5622077287908248,
        0.7063329318505948,
        0.5145772193040652
    ],
    "RMSE_9": [
        0.5928755148112251,
        0.597116556741555,
        0.8071994816802744,
        0.7379529788906943,
        0.6396495427367281
    ],
    "RMSE_10": [
        0.7842632327801242,
        0.8558660927598198,
        0.7962989540424926,
        0.9073192930740058,
        0.7801607699330103
    ],
    "RMSE_11": [
        0.548690997133817,
        0.5601626422653209,
        0.7499094832721527,
        0.7001465259484316,
        0.5907119337681586
    ],
    "RMSE_12": [
        0.6806513935092707,
        0.6464228640347696,
        0.6819451365465624,
        0.7263007863678269,
        0.6089401976423788
    ],
    "RMSE_13": [
        0.7146749612627936,
        0.6943714702466812,
        0.735787386296949,
        0.7947725233254173,
        0.7069151629692744
    ],
    "RMSE_14": [
        0.5621020047992307,
        0.6408759880229014,
        0.7126518195938581,
        0.7669104137271605,
        0.6277548619027128
    ],
    "RMSE_15": [
        0.630011557313565,
        0.7237435711387591,
        0.8336954490798815,
        0.829961781805633,
        0.6744975383855115
    ],
    "RMSE_16": [
        0.773564832900453,
        0.8114821914739129,
        0.9612388960276065,
        0.9508561924580348,
        0.784295884881018
    ],
    "RMSE_17": [
        0.6352717998402935,
        0.7468309986960148,
        0.8422411432534841,
        0.8542653820617429,
        0.6707997032830789
    ],
    "MAE_1": [
        0.512593740940094,
        0.5271836244142972,
        0.6089139126264131,
        0.6261122348491963,
        0.4649863419532776
    ],
    "MAE_2": [
        0.48295845739658066,
        0.4413311489545381,
        0.5288452507532561,
        0.5819459467301002,
        0.4273587143971369
    ],
    "MAE_3": [
        0.43683573400057274,
        0.48990312352547283,
        0.5623049795810993,
        0.539815994152656,
        0.4385540614861708
    ],
    "MAE_4": [
        0.4289060186239389,
        0.42222425823945275,
        0.4880958890548119,
        0.5528281507125268,
        0.41079775105989896
    ],
    "MAE_5": [
        0.48124214561168965,
        0.5211652493110069,
        0.5909102742855367,
        0.5730922023699834,
        0.44462309485215407
    ],
    "MAE_6": [
        0.42395347133049605,
        0.4340508868510908,
        0.47773506714747505,
        0.5281924740717963,
        0.3967324424156776
    ],
    "MAE_7": [
        0.4926742766820467,
        0.4571739201178918,
        0.6004908686784597,
        0.5075757056382987,
        0.49272036757835974
    ],
    "MAE_8": [
        0.34159617420343247,
        0.39626058527139507,
        0.4385181278082041,
        0.5339117286755488,
        0.37647027969360347
    ],
    "MAE_9": [
        0.46175799644910376,
        0.43034605624125555,
        0.578669345195477,
        0.5772408896592948,
        0.4498910211416391
    ],
    "MAE_10": [
        0.6794582701829762,
        0.7401099017950205,
        0.6573729380460885,
        0.7883074918526869,
        0.6938236245008615
    ],
    "MAE_11": [
        0.40186829801706175,
        0.39368493989797754,
        0.5325949325561523,
        0.5138183073997499,
        0.3779105786910424
    ],
    "MAE_12": [
        0.5529845677522512,
        0.5289359564047593,
        0.5601861278093777,
        0.6067469870127165,
        0.5018478853152348
    ],
    "MAE_13": [
        0.5226360507745009,
        0.5506453371414772,
        0.5150661443930405,
        0.5742885996011587,
        0.5024161728345431
    ],
    "MAE_14": [
        0.42910834954335136,
        0.4848878959142245,
        0.5208503297659066,
        0.5615512051215539,
        0.45255618198101344
    ],
    "MAE_15": [
        0.47143222922545214,
        0.5365957244359532,
        0.5864385073001568,
        0.6297700830606314,
        0.4977067034061139
    ],
    "MAE_16": [
        0.6003744452549861,
        0.6279764815844023,
        0.6949424727146442,
        0.742974100443033,
        0.5648063264259926
    ],
    "MAE_17": [
        0.5030384971545293,
        0.5669100745641269,
        0.6177769156602714,
        0.6480891187374408,
        0.49287871822944057
    ],
    "R2_1": [
        0.7722552940965197,
        0.719886516745494,
        0.6956545003397376,
        0.6476346225432733,
        0.7117287640000761
    ],
    "R2_2": [
        0.7660649006430709,
        0.7713261189763078,
        0.710174830903634,
        0.7024971283740007,
        0.7431041636905634
    ],
    "R2_3": [
        0.8355437519856144,
        0.775769757911097,
        0.7683892006772184,
        0.7547689380434028,
        0.7854910910813127
    ],
    "R2_4": [
        0.8323017918431315,
        0.8153906057004111,
        0.8103571006982108,
        0.7275908510682786,
        0.7880195878905724
    ],
    "R2_5": [
        0.7669714027867428,
        0.7105221914697258,
        0.6696838688703852,
        0.7008594129261749,
        0.7104864682716547
    ],
    "R2_6": [
        0.797034321464405,
        0.7756439649943947,
        0.7848577910281505,
        0.696768271448346,
        0.7655794136813473
    ],
    "R2_7": [
        0.7620117364141278,
        0.7630312882460264,
        0.6486305995207872,
        0.7184942342414515,
        0.6458253101047615
    ],
    "R2_8": [
        0.882976858107864,
        0.8202510542250213,
        0.8386545081560017,
        0.7326402929048025,
        0.7994785210001935
    ],
    "R2_9": [
        0.7960953399627304,
        0.7764889371998942,
        0.6673979201153846,
        0.7081669816968053,
        0.6901553689316
    ],
    "R2_10": [
        0.6432008326740257,
        0.5408099816516037,
        0.6763202704749305,
        0.5588387709639965,
        0.5390773988898344
    ],
    "R2_11": [
        0.8253551471850841,
        0.8032978618084364,
        0.7129345648340404,
        0.7373031150617608,
        0.7357522627831249
    ],
    "R2_12": [
        0.7312493039632098,
        0.7380525258963946,
        0.7626101834201244,
        0.7173102412322718,
        0.7191922592748211
    ],
    "R2_13": [
        0.7037098217059088,
        0.6977512356384201,
        0.7236446422406733,
        0.6614968337867926,
        0.6215623107854478
    ],
    "R2_14": [
        0.8167135370862912,
        0.742528717179233,
        0.7407504515207813,
        0.6848144370073358,
        0.7015717325533992
    ],
    "R2_15": [
        0.7697513170329241,
        0.6716400091635841,
        0.6452045239277957,
        0.6308581917790849,
        0.6554751710961172
    ],