{
    "RMSE_1": [
        0.6979419427141849,
        0.5888610646617727,
        0.7526644475948866,
        0.6370000114876733,
        0.7326481155567657
    ],
    "RMSE_2": [
        0.7110391533523783,
        0.6882682614925062,
        0.7460354843971702,
        0.7768470999455149,
        0.7304464308720849
    ],
    "RMSE_3": [
        0.7496442047935528,
        0.7083618231881653,
        0.6098441233410559,
        0.5903443577067395,
        0.7058584510847317
    ],
    "RMSE_4": [
        0.6243598977849136,
        0.6885573287986404,
        0.6937090661382067,
        0.5636701949026599,
        0.6946555551599517
    ],
    "RMSE_5": [
        0.7400385877239395,
        0.6426091524790959,
        0.6929063592060234,
        0.6735020658693971,
        0.6725798542137628
    ],
    "RMSE_6": [
        0.6253366320258608,
        0.7277705581726044,
        0.591002222774243,
        0.616578156948966,
        0.7051668175786859
    ],
    "RMSE_7": [
        0.746981301508246,
        0.729867128697038,
        0.7300433346478095,
        0.6325065075124914,
        0.7591813045440656
    ],
    "RMSE_8": [
        0.48935519696505153,
        0.5461689479730012,
        0.6248182499171232,
        0.6704219304064146,
        0.5347370050696193
    ],
    "RMSE_9": [
        0.6866362357913672,
        0.7007898035054606,
        0.8020659047342981,
        0.6681809720283123,
        0.7605547685942647
    ],
    "RMSE_10": [
        0.7403442596012767,
        0.895880829735302,
        0.8305061825070388,
        0.8357378281183359,
        0.7729450968842825
    ],
    "RMSE_11": [
        0.5708881904548467,
        0.42186629587352076,
        0.6139073300417529,
        0.6293337169119624,
        0.6086014662833965
    ],
    "RMSE_12": [
        0.6152022705658556,
        0.7785190913356372,
        0.7212987567995921,
        0.6289505258306443,
        0.7283834819557232
    ],
    "RMSE_13": [
        0.6604570758017482,
        0.6197428111259818,
        0.7092844508316384,
        0.7309824976164758,
        0.7772573619738066
    ],
    "RMSE_14": [
        0.748081158023014,
        0.6842829360634317,
        0.7043258352819631,
        0.6425052160613148,
        0.6720704416899238
    ],
    "RMSE_15": [
        0.7915531482336139,
        0.7788454360812731,
        0.7544668020543297,
        0.7827347945668343,
        0.6888622846027863
    ],
    "RMSE_16": [
        0.801306121642091,
        0.9879616770920365,
        0.9239219794595573,
        0.7473506349048529,
        0.9325731688335313
    ],
    "RMSE_17": [
        0.6938225920960859,
        0.8071666723234371,
        0.7234768938438428,
        0.8145621152358068,
        0.8150712494034814
    ],
    "MAE_1": [
        0.5743757049120389,
        0.6079657982312717,
        0.6200571480897756,
        0.5551999370501591,
        0.5605279416304368
    ],
    "MAE_2": [
        0.5532085729012122,
        0.5392056304491484,
        0.5465550423402052,
        0.5299177788587717,
        0.49184373921614427
    ],
    "MAE_3": [
        0.5308603921670181,
        0.5384305787820083,
        0.4881705728677603,
        0.49932760062584514,
        0.5061080140333909
    ],
    "MAE_4": [
        0.45787586872394254,
        0.5188012431218073,
        0.5141089210510253,
        0.4772450220768268,
        0.4821097102898817
    ],
    "MAE_5": [
        0.47904259872436517,
        0.33805153127817,
        0.500455470928779,
        0.4724843011636,
        0.48990581329052263
    ],
    "MAE_6": [
        0.4695014496583205,
        0.45277079659241903,
        0.5218376047794636,
        0.507950217980605,
        0.5028762218768781
    ],
    "MAE_7": [
        0.5531257897523734,
        0.5085012018130376,
        0.5413484210234422,
        0.5965802055505607,
        0.5160668356602007
    ],
    "MAE_8": [
        0.3639205438540532,
        0.5724744085165171,
        0.42674245522572435,
        0.4968894651486323,
        0.4542786773168123
    ],
    "MAE_9": [
        0.5377716492872971,
        0.568853996863732,
        0.6424335163189815,
        0.502561214190263,
        0.49914898710984446
    ],
    "MAE_10": [
        0.7064538897367624,
        0.7448727978192842,
        0.6826716302358187,
        0.7521717399817246,
        0.6786690663557787
    ],
    "MAE_11": [
        0.48996027862108676,
        0.37860793476838334,
        0.459192849636078,
        0.5114489777271564,
        0.46645839606798617
    ],
    "MAE_12": [
        0.6426196321340707,
        0.601557029577402,
        0.5611203162853534,
        0.5954418791257419,
        0.5631775417694679
    ],
    "MAE_13": [
        0.5862847374769357,
        0.5056966168697064,
        0.5434381699195274,
        0.5650430419995234,
        0.5038459431941692
    ],
    "MAE_14": [
        0.4339545673223642,
        0.4794429793357849,
        0.5122408991593581,
        0.4855389141302841,
        0.49316448655495265
    ],
    "MAE_15": [
        0.5212421070612394,
        0.5798868512006907,
        0.5765611577767593,
        0.5094841238902166,
        0.5967264610070449
    ],
    "MAE_16": [
        0.7170966371756333,
        0.6044038526828472,
        0.7962627176138071,
        0.5937235981867865,
        0.6773269320634695
    ],
    "MAE_17": [
        0.6039024022909312,
        0.5009964996851408,
        0.6035649998004621,
        0.5773004162861751,
        0.6122623007847713
    ],
    "R2_1": [
        0.6170559769053797,
        0.6810090685560044,
        0.7114883500804063,
        0.6429968001587247,
        0.7474571336071618
    ],
    "R2_2": [
        0.68741596427227,
        0.7552656568840661,
        0.6924522116176105,
        0.7147428958568143,
        0.6565760855761407
    ],
    "R2_3": [
        0.7854683142102685,
        0.7159584153987211,
        0.7683676094902774,
        0.7632998514023975,
        0.7947366383932255
    ],
    "R2_4": [
        0.689430175738748,
        0.7894095390703164,
        0.7227045801919925,
        0.7374885767497323,
        0.7288109873826012
    ],
    "R2_5": [
        0.6622897858910493,
        0.8788362992867912,
        0.7294172029772379,
        0.695741699167246,
        0.6583381408319112
    ],
    "R2_6": [
        0.7829133910799934,
        0.7598886438967154,
        0.7231099112734407,
        0.6840740253049142,
        0.787075699385897
    ],
    "R2_7": [
        0.7281866397195508,
        0.6743270691110986,
        0.7609834240742572,
        0.7420463826716441,
        0.7643588855120057
    ],
    "R2_8": [
        0.7706083886003072,
        0.7551970676099011,
        0.7778127725531412,
        0.8040813146463069,
        0.7134565549128784
    ],
    "R2_9": [
        0.6907978332928539,
        0.7598648690982679,
        0.747313461517117,
        0.7172189471891233,
        0.6223846548497446
    ],
    "R2_10": [
        0.6682763365476364,
        0.6703672498238983,
        0.5854735022479914,
        0.6474342604322428,
        0.6112969869350662
    ],
    "R2_11": [
        0.7882453532970418,
        0.7420273802734692,
        0.8128083640070876,
        0.7650288819576836,
        0.8543033052453245
    ],
    "R2_12": [
        0.7273723411580103,
        0.6843829624279245,
        0.6868676837203364,
        0.6742559306083922,
        0.7570783247369249
    ],
    "R2_13": [
        0.6764475938595979,
        0.6511078831991077,
        0.7295087667952629,
        0.7046854565980323,
        0.789871020716818
    ],
    "R2_14": [
        0.7494927617432664,
        0.7362720498684046,
        0.719278540454805,
        0.6708413750942808,
        0.7630187523903317
    ],
    "R2_15": [
        0.723643469052311,
        0.7893675626118568,
        0.652680068134192,
        0.6088853865687476,
        0.663561479893736
    ],