{
    "RMSE_1": [
        0.5568386768050465,
        0.5680217969317034,
        0.546094964214466,
        0.5847725138986355,
        0.5986009336289665
    ],
    "RMSE_2": [
        0.5518668093887202,
        0.5216329993931104,
        0.5707110446552175,
        0.5687664485546229,
        0.5071576537960315
    ],
    "RMSE_3": [
        0.02743830930603467,
        0.030842716482505646,
        0.03267926749604571,
        0.02943463924947644,
        0.027876786061486816
    ],
    "RMSE_4": [
        0.5964139679621009,
        0.5742651891140703,
        0.5842949402182003,
        0.5705337116547475,
        0.5647969166624376
    ],
    "RMSE_5": [
        0.5465849988247055,
        0.6969447233576245,
        0.7016528301874514,
        0.684089363463092,
        0.6982637369810519
    ],
    "RMSE_6": [
        0.5291614528897314,
        0.5266606647984489,
        0.5348750014307725,
        0.5610391166129537,
        0.5105344348162413
    ],
    "RMSE_7": [
        0.5180754984799878,
        0.6055492034771056,
        0.47899200984011125,
        0.5390612365904145,
        0.5177276572149224
    ],
    "RMSE_8": [
        0.5721365689846956,
        0.6362958223083637,
        0.8110426039871231,
        0.6151754020737229,
        0.7152059110650494
    ],
    "RMSE_9": [
        0.6388076816466247,
        0.6672306989126665,
        0.7259278336788939,
        0.6557100623852834,
        0.7543158866288251
    ],
    "RMSE_10": [
        0.7130880631690241,
        0.7316209707598567,
        0.6997585565020107,
        0.706937188149782,
        0.743504461550998
    ],
    "RMSE_11": [
        0.6229727613834757,
        0.6541476633644249,
        0.6981344524221266,
        0.6248404586397501,
        0.6647177763517277
    ],
    "RMSE_12": [
        0.55086483227659,
        0.5372111572250404,
        0.4887300479593253,
        0.4619079145872259,
        1.074944519257129
    ],
    "RMSE_13": [
        0.4997560634661993,
        0.5008944362906137,
        0.5317823952246653,
        0.41796006410534886,
        0.611662127821318
    ],
    "RMSE_14": [
        0.47828432701583135,
        0.39854247148759386,
        0.5861547464862686,
        0.5244895953754857,
        0.4199907002331541
    ],
    "RMSE_15": [
        0.44752594431467596,
        0.47387543492892176,
        0.5369296013448629,
        0.38264563104304194,
        0.6836164954118958
    ],
    "RMSE_16": [
        0.5329218271780455,
        0.5511848363192159,
        0.5019350309809107,
        0.5697225663278441,
        0.6616545251793589
    ],
    "RMSE_17": [
        0.47726151708773396,
        0.5126717211819648,
        0.47463015073046866,
        0.47301952234348427,
        0.5280725701332296
    ],
    "MAE_1": [
        0.42312255286477984,
        0.42857730103084857,
        0.41531051420528026,
        0.44186933006657436,
        0.4521168795833418
    ],
    "MAE_2": [
        0.41654570099930094,
        0.3903411980511907,
        0.4231426599857249,
        0.428174621160303,
        0.3796316349785768
    ],
    "MAE_3": [
        0.01766716669466653,
        0.01852954495732135,
        0.018226934519007146,
        0.018236324181022723,
        0.018272563893761615
    ],
    "MAE_4": [
        0.4535219896553094,
        0.43516175879985713,
        0.4439649997962735,
        0.4339774159917541,
        0.4275177871761446
    ],
    "MAE_5": [
        0.412325307193641,
        0.5134797693937495,
        0.5211238027713397,
        0.50441743613491,
        0.5163726659878392
    ],
    "MAE_6": [
        0.4005603313411831,
        0.3975741053174987,
        0.40397974220600746,
        0.4259084086045463,
        0.3852653699182674
    ],
    "MAE_7": [
        0.3883125223161582,
        0.44828059796210884,
        0.35369643480017904,
        0.39953323802962654,
        0.3828459404982679
    ],
    "MAE_8": [
        0.43020336958335115,
        0.48151813749377503,
        0.6081756106010464,
        0.46583518167574356,
        0.5431289427760877
    ],
    "MAE_9": [
        0.4654344071406713,
        0.49987894982206393,
        0.5303161739597856,
        0.4772531222374466,
        0.5548070801735441
    ],
    "MAE_10": [
        0.5473951252430417,
        0.5618104499676154,
        0.5316509771494016,
        0.5364642526440142,
        0.5656449883916775
    ],
    "MAE_11": [
        0.4560956640839735,
        0.49032338197108716,
        0.5100830627221612,
        0.4573002651852403,
        0.49028679252948126
    ],
    "MAE_12": [
        0.404588774172465,
        0.3913289094034831,
        0.36734840204477315,
        0.3462359747262796,
        0.7614456460865339
    ],
    "MAE_13": [
        0.36857430201212565,
        0.36584607142845793,
        0.39702207240660986,
        0.30251870410760245,
        0.4459167639994622
    ],
    "MAE_14": [
        0.35310102082173034,
        0.289357656592528,
        0.42613382033348085,
        0.3814969402472178,
        0.30891107790867495
    ],
    "MAE_15": [
        0.3173522303803762,
        0.3381172882239024,
        0.378735054957072,
        0.26505156997044876,
        0.47975715781529743
    ],
    "MAE_16": [
        0.3732890028301875,
        0.38369072856585185,
        0.3405218060747782,
        0.39571616291522976,
        0.4613371842590967
    ],
    "MAE_17": [
        0.334322590212822,
        0.35746199615955354,
        0.3284138544909159,
        0.33004737340450285,
        0.3752274231719971
    ],
    "R2_1": [
        0.8010239318920214,
        0.7928859323318875,
        0.8068064411354907,
        0.7812234624267398,
        0.7689198926249863
    ],
    "R2_2": [
        0.8045612799509739,
        0.8253334625369009,
        0.7889968912335782,
        0.7930360134069494,
        0.8341277449278478
    ],
    "R2_3": [
        0.9995168780671848,
        0.9993893605772961,
        0.9993081675541091,
        0.9994457007675673,
        0.9994988437104053
    ],
    "R2_4": [
        0.7717358697727845,
        0.7883079359973827,
        0.7788328862837185,
        0.7917478640818005,
        0.794281942305165
    ],
    "R2_5": [
        0.8082843901252215,
        0.6881998899741133,
        0.6810659689711944,
        0.7005995022708098,
        0.6855679858597021
    ],
    "R2_6": [
        0.8203122546001274,
        0.8219502527867892,
        0.8146635241752207,
        0.7986214885118967,
        0.8319115544861836
    ],
    "R2_7": [
        0.8277623203409878,
        0.7646151701786502,
        0.8513678235875438,
        0.8140898725043175,
        0.8271415905639449
    ],
    "R2_8": [
        0.8114774716871868,
        0.6735587109006738,
        0.5981209798778896,
        0.7602982732895184,
        0.7001156911067499
    ],
    "R2_9": [
        0.764980390246238,
        0.6410458489376365,
        0.6780452067544411,
        0.7276690910587011,
        0.6664214926843723
    ],
    "R2_10": [
        0.7071466649473519,
        0.5684220664380284,
        0.7008393739274084,
        0.6834554101577992,
        0.6759151646467367
    ],
    "R2_11": [
        0.7764874273547062,
        0.6549845611956931,
        0.7022264356542407,
        0.7527071703760911,
        0.7409604134082703
    ],
    "R2_12": [
        0.8711563191570033,
        0.8753643014303718,
        0.8986449667173908,
        0.9104102948862388,
        0.5094091217792499
    ],
    "R2_13": [
        0.8939552500253599,
        0.891646032025058,
        0.8800016843346947,
        0.9266471700061428,
        0.8411560962237453
    ],
    "R2_14": [
        0.9028718028461816,
        0.9314035526654976,
        0.8542086321021412,
        0.8844896089581745,
        0.9251095021843914
    ],
    "R2_15": [
        0.8955734603811506,
        0.8850995659166713,
        0.8549385232621851,
        0.9245264295666744,
        0.7635558548653525
    ],