{
    "RMSE_1": [
        0.8528620370815329,
        0.8117325159485547,
        0.8361271222179685,
        0.8308719519846719,
        0.865577114329333
    ],
    "RMSE_2": [
        0.6915073174797985,
        0.7999519374507978,
        0.8119117166858584,
        0.814179475481039,
        0.8955903917049945
    ],
    "RMSE_3": [
        0.0699359945611866,
        0.06838323362433846,
        0.0684529191552701,
        0.9087441892157457,
        0.08550717784924639
    ],
    "RMSE_4": [
        0.8299413807288311,
        0.8137586150057677,
        0.7569924405326581,
        0.9954364168433849,
        0.8572378611059354
    ],
    "RMSE_5": [
        0.782648048038251,
        0.9114101951702935,
        0.82519781526277,
        0.9219186309749149,
        0.7552685977730353
    ],
    "RMSE_6": [
        0.915459412929461,
        0.7067977431356396,
        0.733830174024723,
        0.877250277721163,
        0.9310411376491289
    ],
    "RMSE_7": [
        0.8219305770207325,
        0.8871368515466561,
        0.8439124845450819,
        0.8532122928845158,
        0.8855216047204698
    ],
    "RMSE_8": [
        0.845863010959154,
        0.94811617516485,
        0.807018533212022,
        0.8501457897074015,
        0.793498206158098
    ],
    "RMSE_9": [
        0.8059073299028028,
        0.9229393883179136,
        0.9571133260196992,
        0.8450141362432948,
        0.8367251829758107
    ],
    "RMSE_10": [
        0.8471827093731469,
        0.9427399670926423,
        0.8447849745948709,
        0.8749309700093406,
        0.8106537319626969
    ],
    "RMSE_11": [
        0.8549842072595281,
        0.9683579719514257,
        0.9102818107696642,
        0.749759230249773,
        0.79428660058172
    ],
    "RMSE_12": [
        0.6028921241417088,
        0.7125339589316186,
        0.6651567409801584,
        0.6355905815156975,
        0.625593928851383
    ],
    "RMSE_13": [
        0.5879792369396106,
        0.6801502153647367,
        0.6061911698555075,
        0.647302845647264,
        0.672076921166781
    ],
    "RMSE_14": [
        0.7163260499193702,
        0.6890813183439889,
        0.7327001237448313,
        0.6777284950278684,
        0.6312486127703353
    ],
    "RMSE_15": [
        0.5457058577827548,
        0.4854768364435737,
        0.6125320026576591,
        0.562690432452297,
        0.7081127355977616
    ],
    "RMSE_16": [
        0.6213380046404667,
        0.6155044388163058,
        0.7242908399528878,
        0.7091164258245634,
        0.6696872538544001
    ],
    "RMSE_17": [
        0.6066262319732365,
        0.45012656306212157,
        0.6166310939859551,
        0.5783844719695175,
        0.5896874724202633
    ],
    "MAE_1": [
        0.6037533892658855,
        0.57260946195582,
        0.5902123402415654,
        0.5813670052627773,
        0.6145951575171437
    ],
    "MAE_2": [
        0.5044062297494346,
        0.565380241988588,
        0.586753291937356,
        0.5731552734681281,
        0.64375878111076
    ],
    "MAE_3": [
        0.047664234238697846,
        0.047645024468526434,
        0.047004246993389176,
        0.6442816389892203,
        0.059995762618723074
    ],
    "MAE_4": [
        0.5811684528740888,
        0.5786874828670429,
        0.5393243862893479,
        0.7199099830034698,
        0.6029831184588692
    ],
    "MAE_5": [
        0.5661590996410144,
        0.633179797032468,
        0.5825588198760595,
        0.6295859263809561,
        0.5260412646958449
    ],
    "MAE_6": [
        0.6554506870006733,
        0.5132216766353518,
        0.5313428778343596,
        0.6114031217536638,
        0.6536212514150954
    ],
    "MAE_7": [
        0.5830181468325839,
        0.6230598629737081,
        0.5978765185720074,
        0.6002628469883045,
        0.6343211195030501
    ],
    "MAE_8": [
        0.601603623119525,
        0.6661394285416454,
        0.5633915060445067,
        0.5942482736280754,
        0.5559846338916953
    ],
    "MAE_9": [
        0.5655583373872957,
        0.6339870939954128,
        0.6580137290732266,
        0.5903846133604586,
        0.585137573406698
    ],
    "MAE_10": [
        0.59164847645024,
        0.6619314576790507,
        0.5927610385763914,
        0.6122057023802996,
        0.5699327014700978
    ],
    "MAE_11": [
        0.5972778095738689,
        0.6642232279253212,
        0.6279957171686018,
        0.5307175087373529,
        0.5741117569696267
    ],
    "MAE_12": [
        0.4279907471272334,
        0.4913962775050657,
        0.46571864164811777,
        0.4513358016039064,
        0.44714169359207157
    ],
    "MAE_13": [
        0.4156165866477327,
        0.472687811689227,
        0.42398556495087314,
        0.4590001890347266,
        0.4717110040250249
    ],
    "MAE_14": [
        0.5131972028597488,
        0.49319793155680147,
        0.5103487508059796,
        0.48431589688056426,
        0.45580380156901495
    ],
    "MAE_15": [
        0.38640626800497163,
        0.33559082667365747,
        0.4153212976805203,
        0.37805217480285,
        0.4804151639239326
    ],
    "MAE_16": [
        0.42259430653637,
        0.4283433147500323,
        0.5019075059091858,
        0.46843359368009724,
        0.4602255732850879
    ],
    "MAE_17": [
        0.42010166543690947,
        0.3162163435351786,
        0.4187521807885295,
        0.4026642419305771,
        0.3997277113530024
    ],
    "R2_1": [
        0.6213191068028969,
        0.6521634466509443,
        0.6319597549567726,
        0.6375541414558444,
        0.6141553218423177
    ],
    "R2_2": [
        0.7510515730642426,
        0.6621864059568705,
        0.6529689724753718,
        0.6519711513819108,
        0.5869336327207884
    ],
    "R2_3": [
        0.9974536544622882,
        0.9975314120787867,
        0.9975331960503656,
        0.5664309845652831,
        0.996234643251358
    ],
    "R2_4": [
        0.6413996872062189,
        0.6504248669218846,
        0.6983288535191599,
        0.4797620925103616,
        0.6215542154711602
    ],
    "R2_5": [
        0.6811041709742622,
        0.5614924273219652,
        0.6415184343738942,
        0.5537685991681357,
        0.706232437114515
    ],
    "R2_6": [
        0.5636911570803438,
        0.7362820803274244,
        0.7165073397269801,
        0.5959622227395414,
        0.5535850553730727
    ],
    "R2_7": [
        0.6482888793381761,
        0.5845387023122779,
        0.6250740400375426,
        0.6178013466022962,
        0.5961693231162499
    ],
    "R2_8": [
        0.6381397473633169,
        0.5841156819591551,
        0.6535106618089794,
        0.524802418794885,
        0.6783163935124286
    ],
    "R2_9": [
        0.6715184164165446,
        0.605909655562126,
        0.5126403332741194,
        0.5305218837443822,
        0.6423133667362253
    ],
    "R2_10": [
        0.6370097323976949,
        0.5888187795446139,
        0.6203221860423946,
        0.49669066687313523,
        0.6642563532517034
    ],
    "R2_11": [
        0.6302935736229724,
        0.5661682854203545,
        0.5591665020581181,
        0.6304007793505655,
        0.6776768468802739
    ],
    "R2_12": [
        0.8942996974104136,
        0.8532740617449245,
        0.8714306847901504,
        0.8845307872696689,
        0.8855178778848395
    ],
    "R2_13": [
        0.8994641416613173,
        0.866307993806979,
        0.8932154187349348,
        0.8802359893233738,
        0.8678733010538933
    ],
    "R2_14": [
        0.8507829329062917,
        0.8627739026280152,
        0.8439937969224047,
        0.8687126777241396,
        0.8834389385006975
    ],
    "R2_15": [
        0.8791732349206642,
        0.8978919805871725,
        0.844484425998813,
        0.8688545728438832,
        0.8010629896082962
    ],