{
    "RMSE_1": [
        0.9502041723833337,
        0.9678540362702579,
        0.9701203257246209,
        0.9634156512553547,
        0.9221611015108532
    ],
    "RMSE_2": [
        0.981978971195785,
        0.9821370815103607,
        0.9880622352003415,
        0.9839157319355636,
        0.9370011234163745
    ],
    "RMSE_3": [
        1.0340377326162935,
        1.0564544282884094,
        1.0282379557742454,
        1.0566938837816175,
        0.9815614467920188
    ],
    "RMSE_4": [
        0.9782894171750973,
        0.9935685041399819,
        0.9750272799527108,
        1.0398236749734502,
        0.9313878375232179
    ],
    "RMSE_5": [
        0.9986406725378291,
        1.0510358520964547,
        0.9974621407890786,
        1.0588950531544714,
        0.9988970457246873
    ],
    "RMSE_6": [
        0.984600178827379,
        1.005000935339235,
        0.9870826282929889,
        1.0009660000743483,
        0.9541126675867985
    ],
    "RMSE_7": [
        1.0214309523800427,
        1.0464266066993206,
        1.033222136593602,
        1.0264473208175395,
        0.9987522902064859
    ],
    "RMSE_8": [
        1.0505814373556583,
        0.9487334232538324,
        1.259985635036005,
        0.6426763343375246,
        1.0321459570509188
    ],
    "RMSE_9": [
        1.0399124764861183,
        1.015855385348454,
        1.293438826003419,
        0.6929030611862212,
        1.0520527109882538
    ],
    "RMSE_10": [
        1.0458123256616056,
        0.9577864084391634,
        1.253467417296646,
        0.6593321459008925,
        1.0255932734792685
    ],
    "RMSE_11": [
        1.071216474610861,
        1.025958946710402,
        1.2836393682901432,
        0.6130491617770677,
        1.072577308576991
    ],
    "RMSE_12": [
        0.8114115436972116,
        0.7386898314806747,
        0.7168878789961736,
        0.8570033650675803,
        0.9059954422777804
    ],
    "RMSE_13": [
        0.8126265369925354,
        0.7274623901486954,
        0.717833324044593,
        0.8246632863085959,
        0.8954384533036595
    ],
    "RMSE_14": [
        0.8442792444650776,
        0.7665958640464428,
        0.763937631559162,
        0.8797261226072269,
        0.9340521065046804
    ],
    "RMSE_15": [
        0.9028517791517522,
        0.9093071539453143,
        0.7495580982358998,
        0.5821116133784364,
        0.7763368574386037
    ],
    "RMSE_16": [
        0.9382561396073389,
        0.9151615228898345,
        0.7808596055745367,
        0.6260208394946211,
        0.8101148583089457
    ],
    "RMSE_17": [
        0.899337553713421,
        0.8934885565104139,
        0.7938443390092769,
        0.5962521859648247,
        0.7700060536577685
    ],
    "MAE_1": [
        0.6623317842021097,
        0.668524464252914,
        0.6658313022548665,
        0.6729407553216372,
        0.6620854072006283
    ],
    "MAE_2": [
        0.6838942317434162,
        0.6761132454932186,
        0.6964840755714878,
        0.6937447192614865,
        0.6762540132873305
    ],
    "MAE_3": [
        0.7128198779764344,
        0.7171992143863997,
        0.7082316860540088,
        0.764269176193689,
        0.6939100511002
    ],
    "MAE_4": [
        0.6840546694690696,
        0.6971734914551455,
        0.6771755117337108,
        0.7635190992319314,
        0.6685069483966012
    ],
    "MAE_5": [
        0.7041595606960037,
        0.7232185766991199,
        0.6920989969299183,
        0.7292460691646604,
        0.6868700490075935
    ],
    "MAE_6": [
        0.7052010907970687,
        0.7061838951963623,
        0.6930103075684468,
        0.708461044626212,
        0.684107297506981
    ],
    "MAE_7": [
        0.7014588089349588,
        0.728100936301109,
        0.7094719468063911,
        0.7179136711860484,
        0.7246726323507295
    ],
    "MAE_8": [
        0.7370123951089919,
        0.6931893960842647,
        0.9055781591476932,
        0.4275836282713551,
        0.7202019206421849
    ],
    "MAE_9": [
        0.725490399498115,
        0.7388846508491043,
        0.9019763861871534,
        0.4497746246069168,
        0.7489756436648536
    ],
    "MAE_10": [
        0.7256081983676618,
        0.7038719838527788,
        0.8960382411161032,
        0.43439494671317735,
        0.7249476367683263
    ],
    "MAE_11": [
        0.7321841957309292,
        0.7379213703900569,
        0.9068844579159315,
        0.428029561523274,
        0.7628263267005
    ],
    "MAE_12": [
        0.5482233546491693,
        0.5200325752477996,
        0.5074404377862421,
        0.5639588400456294,
        0.6083763316289291
    ],
    "MAE_13": [
        0.5375019085170086,
        0.5210207392907268,
        0.5031489924086326,
        0.5504252545920967,
        0.5917796558659739
    ],
    "MAE_14": [
        0.5827966758468388,
        0.5465318918577664,
        0.5413510423430598,
        0.5988650051636222,
        0.6386320151483824
    ],
    "MAE_15": [
        0.5786520831722239,
        0.5890803878943957,
        0.5186321107355087,
        0.4298350470577859,
        0.5038891336930359
    ],
    "MAE_16": [
        0.5695801281953982,
        0.5828689282402317,
        0.5661200175859541,
        0.45994195091287493,
        0.4883843785430748
    ],
    "MAE_17": [
        0.5443037515810023,
        0.5724163202016141,
        0.5222760084062347,
        0.4471209341718264,
        0.48601320184837454
    ],
    "R2_1": [
        0.5112917445025666,
        0.5203556363346233,
        0.5126380241385068,
        0.5142159507292638,
        0.517532607431196
    ],
    "R2_2": [
        0.4780604769049456,
        0.5060945352166991,
        0.4944442719831106,
        0.49332244632010647,
        0.501879297009689
    ],
    "R2_3": [
        0.4212532268167596,
        0.428519850017832,
        0.4524954952770641,
        0.4155945690511581,
        0.45337517245343284
    ],
    "R2_4": [
        0.4819752375988723,
        0.49453016135884875,
        0.5076953155698559,
        0.43410577948699314,
        0.5078295964824655
    ],
    "R2_5": [
        0.4601982238870874,
        0.4343670827382543,
        0.48477933226991754,
        0.41315731610235584,
        0.43389651749449076
    ],
    "R2_6": [
        0.4752703197638585,
        0.48283092667198424,
        0.495446233927754,
        0.47560987125526033,
        0.4835197807731878
    ],
    "R2_7": [
        0.43527913062518264,
        0.43931729294588096,
        0.44717479058104503,
        0.44857152745051176,
        0.43406057977829837
    ],
    "R2_8": [
        0.26953957206638357,
        0.27672129797884837,
        0.22737438518367747,
        0.8773116719416395,
        0.2854710529754859
    ],
    "R2_9": [
        0.2843003170492153,
        0.17075845929416889,
        0.1858026187317059,
        0.8573855299880551,
        0.2576433628649133
    ],
    "R2_10": [
        0.27615636585550307,
        0.2628521298730252,
        0.23534767510670818,
        0.8708700053329204,
        0.29451477343691856
    ],
    "R2_11": [
        0.24056303234126708,
        0.15418138031262796,
        0.19809306221238876,
        0.8883627221362678,
        0.22839540418142512
    ],
    "R2_12": [
        0.8135262670774035,
        0.8404873113003342,
        0.8538633229307642,
        0.7752325281449908,
        0.7727023230624714
    ],
    "R2_13": [
        0.8129674040350164,
        0.8452993692766338,
        0.8534776132304521,
        0.7918762094566808,
        0.7779685718164366
    ],
    "R2_14": [
        0.7981133849247497,
        0.8282076037104225,
        0.8340517943981804,
        0.7631554571608772,
        0.7584065366226362
    ],
    "R2_15": [
        0.6181894689441956,
        0.7006850281142325,
        0.7606485420344039,
        0.8545298835519725,
        0.6778153497114008
    ],