{
    "RMSE_1": [
        0.8372136510820443,
        1.13318049022601,
        0.9760560403410546,
        1.0370249222870325,
        0.9406399525788425
    ],
    "RMSE_2": [
        0.72045508973341,
        1.0794851244892587,
        0.8686488276162405,
        0.9298461971118037,
        0.914624919431927
    ],
    "RMSE_3": [
        0.8647802091301061,
        1.0506737512804212,
        0.9110458523156725,
        0.9700319062920242,
        0.8634271921991593
    ],
    "RMSE_4": [
        0.8803554542410891,
        0.9632304645491507,
        0.9320976562532736,
        0.9936906125791611,
        0.8397206101233232
    ],
    "RMSE_5": [
        1.0001315677089526,
        1.1110410165787055,
        1.0608850863697306,
        1.1087755091816027,
        0.9040272860463714
    ],
    "RMSE_6": [
        0.8131671848681857,
        1.016839444930896,
        0.9364675128784196,
        0.9728435687346946,
        0.8996555398097993
    ],
    "RMSE_7": [
        1.0426452526207175,
        1.1810621930662049,
        1.0833203101635267,
        1.1464500405465832,
        0.9836329570234479
    ],
    "RMSE_8": [
        0.8817423650074729,
        0.8938911750719769,
        0.9197667798654514,
        1.0384408982008164,
        0.817931480245452
    ],
    "RMSE_9": [
        0.9021467485692027,
        1.0925947457454341,
        0.9662225042488446,
        1.076762678361654,
        0.8840282175720471
    ],
    "RMSE_10": [
        0.9255313496112022,
        1.1989338665444742,
        0.998050846836848,
        1.1058309813187628,
        0.9479304590128714
    ],
    "RMSE_11": [
        0.8986504440472508,
        1.0012335975501512,
        0.9799469091871231,
        1.048493780444393,
        0.9301033024339842
    ],
    "RMSE_12": [
        0.9892163838529787,
        1.1158625087918987,
        1.0514625657296035,
        1.1257786418975564,
        0.9390788130943725
    ],
    "RMSE_13": [
        0.9713985001237092,
        1.112102287024902,
        1.0642012413453044,
        1.1295674244740628,
        0.9525392421462991
    ],
    "RMSE_14": [
        1.0016401328113227,
        1.0429655348726607,
        0.9992650796756916,
        1.062707667816052,
        0.8848844477592999
    ],
    "RMSE_15": [
        1.0600298788694473,
        1.2006314615523042,
        1.1990279909461146,
        1.3106916660890793,
        1.0303463452145294
    ],
    "RMSE_16": [
        1.1428828119057322,
        1.269667237535038,
        1.2578738209378975,
        1.3781982577468528,
        1.0820084378288406
    ],
    "RMSE_17": [
        1.0949053283600927,
        1.246784243893962,
        1.2361225651908472,
        1.359023227823333,
        1.0511072962381847
    ],
    "MAE_1": [
        0.49645954777644236,
        0.7301307136095485,
        0.5991856112113365,
        0.7044831526829648,
        0.5680788647578313
    ],
    "MAE_2": [
        0.48341671767601607,
        0.7008227963080772,
        0.5552674633906437,
        0.6348400492301356,
        0.5592309560775757
    ],
    "MAE_3": [
        0.505464878815871,
        0.6343940530923697,
        0.5166221350156343,
        0.5551191190572886,
        0.4733644462732168
    ],
    "MAE_4": [
        0.44442427473801843,
        0.593753740824186,
        0.5273164164469791,
        0.6123665690788856,
        0.49841121768951413
    ],
    "MAE_5": [
        0.5894073707874005,
        0.7105048542756298,
        0.6664050995019765,
        0.7420871425775382,
        0.5502208139712994
    ],
    "MAE_6": [
        0.42487366030766427,
        0.5879757013320923,
        0.5311653238443228,
        0.6027427759170533,
        0.5182689216320332
    ],
    "MAE_7": [
        0.6577398239282461,
        0.7872117925790639,
        0.6863517450185923,
        0.7378932077701277,
        0.6191870386417097
    ],
    "MAE_8": [
        0.4603679910072914,
        0.600437827697167,
        0.5629561782250038,
        0.6434962492722731,
        0.5300473764859712
    ],
    "MAE_9": [
        0.5208627971502451,
        0.7041380326197698,
        0.590455558850215,
        0.6987015787271353,
        0.5497580331655649
    ],
    "MAE_10": [
        0.5150469674330491,
        0.7606382611348079,
        0.5836219263076783,
        0.6923177230541524,
        0.5439922817670382
    ],
    "MAE_11": [
        0.4708828226236197,
        0.6410034469457772,
        0.574661555803739,
        0.5924855281389676,
        0.5576750102409949
    ],
    "MAE_12": [
        0.5601812361203707,
        0.7712717946859505,
        0.6419329050504243,
        0.7000975818634033,
        0.6295533156761757
    ],
    "MAE_13": [
        0.5780366797814003,
        0.7746040556247417,
        0.6769358068612904,
        0.7356523431631236,
        0.6617650841199434
    ],
    "MAE_14": [
        0.6239270805945764,
        0.7598495010962852,
        0.6428457334224995,
        0.706220880141625,
        0.6308711192791279
    ],
    "MAE_15": [
        0.5775662391369161,
        0.742661633638235,
        0.7499657514278705,
        0.8400373998788686,
        0.6485566331423247
    ],
    "MAE_16": [
        0.6802660818833572,
        0.8297963608961836,
        0.8042924732795125,
        0.9114946906750018,
        0.7255119140331561
    ],
    "MAE_17": [
        0.5891826724272509,
        0.813890804657569,
        0.7778132230318507,
        0.8726538308216975,
        0.685894136575552
    ],
    "R2_1": [
        0.734799765924439,
        0.5580486416703095,
        0.6386909721070584,
        0.6706433601333548,
        0.6416622540007293
    ],
    "R2_2": [
        0.8036119180356935,
        0.5989397504960268,
        0.7138341653671231,
        0.7352046987358573,
        0.6612090698232155
    ],
    "R2_3": [
        0.7170479889231338,
        0.6200625875959593,
        0.6852180822410321,
        0.7118224966164313,
        0.6980763316400032
    ],
    "R2_4": [
        0.7067639103832419,
        0.6806722101807712,
        0.6705024890264497,
        0.6975939956070362,
        0.714428185524348
    ],
    "R2_5": [
        0.6215438459331659,
        0.5751491612884598,
        0.5731591314962903,
        0.6234910666113593,
        0.6690146333158047
    ],
    "R2_6": [
        0.7498151600443156,
        0.6441384505755685,
        0.6674057490285663,
        0.7101494956884076,
        0.6722080885352844
    ],
    "R2_7": [
        0.5886851009671382,
        0.5199109167515074,
        0.5549148780350692,
        0.5974699530656602,
        0.6081572111971649
    ],
    "R2_8": [
        0.705839255145277,
        0.7249918307043856,
        0.6791627791624526,
        0.6697433249485985,
        0.7290559846861393
    ],
    "R2_9": [
        0.6920673940117922,
        0.5891393859343437,
        0.6459345066455399,
        0.6449185178092028,
        0.6834968979408085
    ],
    "R2_10": [
        0.6758966138352471,
        0.505271702911714,
        0.6222237586322434,
        0.6254881687306192,
        0.6360860764388219
    ],
    "R2_11": [
        0.6944495783102256,
        0.654977732994489,
        0.635804645960782,
        0.6633181125742353,
        0.649645186625081
    ],
    "R2_12": [
        0.6297595182187321,
        0.5714537807434816,
        0.580707651324139,
        0.6118549553774141,
        0.6428507023201996
    ],
    "R2_13": [
        0.6429770303235394,
        0.5743371354958361,
        0.5704864900315134,
        0.6092379723255222,
        0.63253881711709
    ],
    "R2_14": [
        0.6204012835985135,
        0.6256169223865586,
        0.6213039911621023,
        0.6541277936865888,
        0.6828834995357471
    ],
    "R2_15": [
        0.5748545705071135,
        0.5038697192160095,
        0.45475969788833515,
        0.47387479019199186,
        0.570055710007513
    ],